Generation,evals,avg,std,min,max,best_one,fitness_best_one
0,400,[  6.8375  589.40782],[ 0.36890886 37.58315235],[  6.    482.737],[  7.   696.03],"[44, 32, 6, 30, 39, 48, 62, 7, 17, 42, 29, 23, 21, 46, 51, 49, 41, 40, 35, 10, 37, 14, 1, 5, 47, 61, 56, 33, 65, 57, 4, 25, 45, 16, 9, 18, 53, 50, 59, 24, 22, 43, 13, 55, 63, 38, 58, 11, 66, 3, 64, 60, 67, 36, 28, 52, 19, 68, 34, 26, 31, 20, 2, 15, 12, 27, 54, 8]","(6.0, 489.126)"
1,346,[  6.61      555.9905425],[ 0.48774994 28.52548324],[  6.    468.492],[  7.   669.56],"[44, 32, 6, 30, 39, 48, 62, 7, 17, 42, 29, 23, 21, 46, 51, 49, 41, 40, 35, 10, 37, 14, 1, 5, 47, 61, 56, 33, 65, 57, 4, 25, 45, 16, 9, 18, 53, 50, 59, 24, 22, 43, 13, 55, 63, 38, 58, 11, 66, 3, 64, 60, 67, 36, 28, 52, 19, 68, 34, 26, 31, 20, 2, 15, 12, 27, 54, 8]","(6.0, 489.126)"
2,338,[  6.4975  531.74769],[ 0.49999375 21.03013294],[  6.    456.032],[  7.    571.321],"[62, 9, 48, 65, 18, 36, 2, 37, 39, 53, 44, 55, 57, 16, 40, 38, 3, 26, 35, 21, 25, 19, 43, 13, 10, 54, 20, 51, 64, 11, 12, 7, 67, 8, 1, 33, 45, 60, 61, 24, 5, 58, 66, 6, 28, 49, 41, 50, 47, 42, 52, 30, 46, 29, 17, 22, 34, 14, 23, 32, 15, 59, 63, 56, 4, 27, 31, 68]","(6.0, 456.032)"
3,348,[  6.4425  513.29193],[ 0.49668275 16.77630145],[  6.   444.32],[  7.    537.438],"[62, 9, 48, 65, 18, 36, 2, 37, 39, 53, 44, 55, 57, 16, 40, 38, 3, 26, 35, 21, 25, 19, 43, 13, 10, 54, 20, 51, 64, 11, 12, 7, 67, 8, 1, 33, 45, 60, 61, 24, 5, 58, 66, 6, 28, 49, 41, 50, 47, 42, 52, 30, 46, 29, 17, 22, 34, 14, 23, 32, 15, 59, 63, 56, 4, 27, 31, 68]","(6.0, 456.032)"
4,338,[  6.395    498.132645],[ 0.48885069 14.78968406],[  6.   444.32],[  7.    516.951],"[62, 9, 48, 65, 18, 36, 2, 37, 39, 53, 44, 55, 57, 16, 40, 38, 3, 26, 35, 21, 25, 19, 43, 13, 10, 54, 20, 51, 64, 11, 12, 7, 67, 8, 1, 33, 45, 60, 61, 24, 5, 58, 66, 6, 28, 49, 41, 50, 47, 42, 52, 30, 46, 29, 17, 22, 34, 14, 23, 32, 15, 59, 63, 56, 4, 27, 31, 68]","(6.0, 456.032)"
5,326,[  6.4175    486.8122325],[ 0.49314678 13.76487686],[  6.    442.772],[  7.    500.978],"[62, 9, 48, 65, 18, 36, 2, 37, 39, 53, 44, 55, 57, 16, 40, 38, 3, 26, 35, 21, 25, 19, 43, 13, 10, 54, 20, 51, 64, 11, 12, 7, 67, 8, 1, 33, 45, 60, 61, 24, 5, 58, 66, 6, 28, 49, 41, 50, 47, 42, 52, 30, 46, 29, 17, 22, 34, 14, 23, 32, 15, 59, 63, 56, 4, 27, 31, 68]","(6.0, 456.032)"
6,330,[  6.4875    476.2465275],[ 0.49984373 12.67853176],[  6.    442.772],[  7.    494.124],"[62, 9, 48, 65, 18, 36, 2, 37, 39, 53, 4, 55, 57, 16, 40, 38, 3, 26, 35, 21, 25, 19, 43, 13, 10, 54, 20, 51, 64, 11, 12, 7, 67, 8, 1, 33, 45, 60, 61, 24, 5, 58, 66, 6, 28, 49, 41, 50, 47, 42, 52, 30, 46, 29, 17, 22, 34, 14, 23, 32, 15, 59, 63, 56, 44, 27, 31, 68]","(6.0, 453.01899999999995)"
7,312,[  6.5       466.2041875],[ 0.5        10.91585721],[  6.    427.188],[  7.   484.99],"[62, 9, 48, 12, 18, 21, 2, 37, 39, 53, 44, 55, 57, 16, 31, 38, 3, 26, 35, 36, 25, 19, 43, 24, 10, 8, 20, 51, 64, 11, 65, 7, 67, 54, 1, 33, 45, 60, 61, 13, 5, 58, 66, 6, 28, 49, 41, 50, 47, 42, 52, 30, 46, 29, 17, 22, 34, 14, 23, 32, 15, 59, 63, 56, 4, 27, 40, 68]","(6.0, 435.216)"
8,346,[  6.4825   458.209315],[0.49969366 9.11064148],[  6.    425.703],[  7.    473.542],"[61, 6, 46, 44, 56, 67, 34, 53, 31, 20, 4, 3, 19, 55, 54, 36, 21, 25, 43, 38, 35, 51, 41, 32, 29, 28, 39, 66, 26, 12, 11, 7, 17, 23, 27, 33, 15, 10, 30, 47, 16, 18, 62, 60, 58, 65, 63, 68, 57, 13, 5, 9, 37, 2, 48, 52, 45, 22, 42, 24, 49, 1, 59, 40, 50, 8, 14, 64]","(6.0, 429.169)"
9,330,[  6.48      452.0201675],[0.49959984 8.56983439],[  6.    425.703],[  7.    464.786],"[61, 6, 46, 44, 56, 67, 34, 53, 31, 20, 4, 3, 19, 55, 54, 36, 21, 25, 43, 38, 35, 51, 41, 32, 29, 28, 39, 66, 26, 12, 11, 7, 17, 23, 27, 33, 15, 10, 30, 47, 16, 18, 62, 60, 58, 65, 63, 68, 57, 13, 5, 9, 37, 2, 48, 52, 45, 22, 42, 24, 49, 1, 59, 40, 50, 8, 14, 64]","(6.0, 429.169)"
10,328,[  6.465     446.5805225],[0.4987735  8.16926406],[  6.    422.484],[  7.    458.539],"[62, 57, 48, 36, 3, 65, 31, 37, 39, 53, 44, 55, 9, 16, 5, 38, 18, 26, 35, 40, 25, 19, 43, 13, 10, 54, 20, 51, 64, 11, 12, 7, 67, 8, 1, 33, 45, 60, 61, 24, 21, 58, 66, 6, 28, 30, 41, 50, 47, 42, 52, 49, 46, 29, 17, 22, 34, 14, 23, 32, 15, 59, 63, 56, 4, 27, 2, 68]","(6.0, 427.472)"
11,338,[  6.5075    440.4461725],[0.49994375 7.71575637],[  6.   412.37],[  7.    454.843],"[62, 9, 48, 65, 18, 22, 33, 37, 39, 53, 4, 55, 57, 16, 40, 38, 3, 26, 36, 21, 25, 19, 14, 13, 10, 54, 20, 41, 1, 11, 12, 7, 61, 8, 64, 2, 45, 60, 67, 24, 5, 58, 66, 6, 28, 49, 51, 50, 47, 42, 52, 30, 46, 29, 17, 35, 27, 43, 23, 32, 15, 59, 63, 56, 44, 34, 31, 68]","(6.0, 418.847)"
12,356,[  6.4175   435.523045],[0.49314678 6.77879435],[  6.    404.833],[  7.   445.25],"[54, 40, 3, 12, 18, 21, 6, 37, 30, 53, 44, 55, 57, 16, 9, 38, 48, 26, 35, 36, 25, 19, 43, 24, 51, 62, 20, 10, 64, 60, 65, 7, 67, 8, 1, 33, 45, 11, 61, 13, 5, 58, 66, 2, 28, 49, 41, 50, 47, 42, 52, 39, 46, 29, 17, 22, 34, 14, 23, 32, 15, 59, 63, 56, 4, 27, 31, 68]","(6.0, 404.83299999999997)"
13,336,[  6.425     430.2795025],[0.494343   6.38599914],[  6.    395.943],[  7.    438.421],"[54, 40, 3, 12, 18, 21, 6, 37, 30, 53, 44, 55, 57, 16, 9, 38, 48, 26, 35, 36, 25, 19, 43, 24, 51, 62, 20, 10, 64, 60, 65, 7, 67, 8, 1, 33, 45, 11, 61, 13, 5, 58, 66, 2, 28, 49, 41, 50, 47, 42, 52, 39, 46, 29, 17, 22, 34, 14, 23, 32, 15, 59, 63, 56, 4, 27, 31, 68]","(6.0, 404.83299999999997)"
14,332,[  6.45      425.6511325],[0.49749372 5.7746719 ],[  6.    395.943],[  7.    435.216],"[54, 40, 3, 12, 18, 21, 6, 37, 30, 53, 44, 55, 57, 16, 9, 38, 48, 26, 35, 36, 25, 19, 43, 24, 51, 62, 20, 10, 64, 60, 65, 7, 67, 8, 1, 33, 45, 11, 61, 13, 5, 58, 66, 2, 28, 49, 41, 50, 47, 42, 52, 39, 46, 29, 17, 22, 34, 14, 23, 32, 15, 59, 63, 56, 4, 27, 31, 68]","(6.0, 404.83299999999997)"
15,354,[  6.4175    422.4366625],[0.49314678 6.43351148],[  6.    395.943],[  7.    429.322],"[62, 9, 48, 12, 18, 64, 2, 37, 39, 53, 3, 55, 57, 16, 31, 38, 44, 26, 35, 19, 1, 36, 43, 24, 10, 8, 20, 51, 21, 11, 65, 7, 67, 54, 25, 33, 45, 60, 61, 13, 5, 58, 66, 6, 28, 49, 41, 50, 47, 42, 52, 30, 46, 29, 17, 22, 34, 14, 23, 32, 15, 59, 63, 56, 4, 27, 40, 68]","(6.0, 401.02099999999996)"
16,338,[  6.46      418.9700275],[0.49839743 6.66032918],[  6.    383.173],[  7.    426.166],"[62, 9, 48, 12, 18, 64, 2, 37, 39, 53, 3, 55, 57, 16, 31, 38, 44, 26, 35, 19, 1, 36, 43, 24, 10, 8, 20, 51, 21, 11, 65, 7, 67, 54, 25, 33, 45, 60, 61, 13, 5, 58, 66, 6, 28, 49, 41, 50, 47, 42, 52, 30, 46, 29, 17, 22, 34, 14, 23, 32, 15, 59, 63, 56, 4, 27, 40, 68]","(6.0, 401.02099999999996)"
17,336,[  6.4425  414.60803],[0.49668275 7.16877688],[  6.    383.173],[  7.    422.263],"[54, 40, 3, 12, 18, 21, 6, 37, 30, 53, 44, 55, 57, 16, 9, 38, 48, 26, 36, 35, 25, 19, 46, 24, 51, 62, 2, 10, 64, 60, 65, 7, 67, 58, 1, 33, 45, 11, 61, 56, 5, 8, 66, 20, 28, 49, 41, 50, 47, 42, 52, 39, 43, 29, 17, 22, 34, 14, 23, 32, 15, 59, 63, 13, 4, 27, 31, 68]","(6.0, 393.69399999999996)"
18,322,[  6.3825    410.2389175],[0.48599769 8.05606174],[  6.    380.276],[  7.    419.805],"[54, 40, 3, 12, 18, 21, 6, 37, 30, 53, 44, 55, 57, 16, 9, 38, 48, 26, 35, 36, 25, 19, 43, 24, 51, 62, 8, 10, 64, 60, 65, 7, 67, 20, 1, 33, 45, 11, 61, 13, 5, 58, 66, 2, 28, 49, 41, 50, 47, 42, 39, 52, 46, 29, 17, 22, 34, 14, 23, 32, 15, 59, 63, 56, 4, 27, 31, 68]","(6.0, 380.789)"
19,332,[  6.45     404.891985],[0.49749372 7.18478974],[  6.    380.276],[  7.    418.029],"[54, 40, 3, 12, 18, 21, 6, 37, 30, 53, 44, 55, 57, 16, 9, 38, 48, 26, 35, 36, 25, 19, 43, 24, 51, 62, 8, 10, 64, 60, 65, 7, 67, 20, 1, 33, 45, 11, 61, 13, 5, 58, 66, 2, 28, 49, 41, 50, 47, 42, 39, 52, 46, 29, 17, 22, 34, 14, 23, 32, 15, 59, 63, 56, 4, 27, 31, 68]","(6.0, 380.789)"
20,350,[  6.4       400.5439575],[0.48989795 6.59878075],[  6.    376.679],[  7.    407.923],"[54, 40, 37, 12, 18, 6, 21, 3, 30, 53, 44, 55, 57, 16, 9, 38, 48, 26, 36, 35, 25, 19, 46, 24, 51, 62, 2, 10, 64, 60, 65, 7, 67, 58, 1, 33, 45, 11, 61, 63, 5, 8, 66, 20, 28, 49, 41, 50, 47, 42, 52, 39, 43, 29, 17, 34, 22, 14, 23, 32, 15, 59, 56, 13, 4, 27, 31, 68]","(6.0, 380.327)"
21,338,[  6.4075  397.55417],[0.49136926 7.69730693],[  6.   375.46],[  7.    404.833],"[54, 20, 3, 12, 18, 21, 6, 37, 30, 53, 44, 55, 57, 16, 9, 14, 48, 26, 36, 35, 25, 19, 46, 24, 51, 62, 2, 10, 64, 60, 65, 7, 67, 58, 1, 33, 45, 11, 61, 56, 5, 8, 66, 40, 28, 49, 41, 50, 47, 42, 52, 39, 43, 29, 17, 22, 34, 38, 23, 32, 15, 59, 63, 13, 4, 27, 31, 68]","(6.0, 375.46000000000004)"
22,352,[  6.4475   393.325505],[0.49723611 8.50912444],[  6.    363.868],[  7.    403.871],"[54, 40, 37, 12, 18, 6, 21, 27, 30, 53, 44, 55, 57, 16, 9, 38, 48, 26, 36, 35, 25, 19, 46, 24, 51, 62, 2, 10, 64, 60, 65, 7, 67, 58, 1, 33, 45, 11, 61, 63, 5, 8, 66, 20, 28, 49, 41, 50, 47, 42, 52, 39, 43, 29, 17, 34, 22, 14, 23, 32, 15, 59, 56, 13, 4, 3, 31, 68]","(6.0, 363.868)"
23,348,[  6.3825   389.553355],[0.48599769 8.65069033],[  6.    363.868],[  7.    402.025],"[54, 40, 37, 12, 18, 6, 21, 27, 30, 53, 44, 55, 57, 16, 9, 38, 48, 26, 36, 35, 25, 19, 46, 24, 51, 62, 2, 10, 64, 60, 65, 7, 67, 58, 1, 33, 45, 11, 61, 63, 5, 8, 66, 20, 28, 49, 41, 50, 47, 42, 52, 39, 43, 29, 17, 34, 22, 14, 23, 32, 15, 59, 56, 13, 4, 3, 31, 68]","(6.0, 363.868)"
24,336,[  6.4575    384.1350075],[0.49819048 6.04615345],[  6.    363.868],[  7.    396.097],"[54, 40, 37, 12, 18, 6, 21, 27, 30, 53, 44, 55, 57, 16, 9, 38, 48, 26, 36, 35, 25, 19, 46, 24, 51, 62, 2, 10, 64, 60, 65, 7, 67, 58, 1, 33, 45, 11, 61, 63, 5, 8, 66, 20, 28, 49, 41, 50, 47, 42, 52, 39, 43, 29, 17, 34, 22, 14, 23, 32, 15, 59, 56, 13, 4, 3, 31, 68]","(6.0, 363.868)"
25,330,[  6.425    380.715645],[0.494343   4.48756907],[  6.    363.868],[  7.    392.698],"[54, 40, 37, 12, 18, 6, 21, 27, 30, 53, 44, 55, 57, 16, 9, 38, 48, 26, 36, 35, 25, 19, 46, 24, 51, 62, 2, 10, 64, 60, 65, 7, 67, 58, 1, 33, 45, 11, 61, 63, 5, 8, 66, 20, 28, 49, 41, 50, 47, 42, 52, 39, 43, 29, 17, 34, 22, 14, 23, 32, 15, 59, 56, 13, 4, 3, 31, 68]","(6.0, 363.868)"
26,348,[  6.35    378.16617],[0.4769696  3.90788659],[  6.    360.683],[  7.    382.351],"[54, 40, 37, 12, 18, 6, 21, 27, 30, 53, 14, 55, 57, 16, 9, 38, 48, 26, 36, 35, 25, 19, 46, 24, 51, 62, 2, 10, 64, 60, 65, 7, 67, 42, 1, 33, 45, 11, 61, 63, 5, 8, 66, 20, 28, 49, 41, 50, 47, 58, 52, 39, 43, 29, 17, 34, 22, 44, 23, 32, 15, 59, 56, 13, 4, 3, 31, 68]","(6.0, 360.68299999999994)"
27,338,[  6.4275    376.1315125],[0.49471583 4.30534585],[  6.    360.683],[  7.    380.561],"[54, 40, 37, 12, 18, 6, 21, 27, 30, 53, 14, 55, 57, 16, 9, 38, 48, 26, 36, 35, 25, 19, 46, 24, 51, 62, 2, 10, 64, 60, 65, 7, 67, 42, 1, 33, 45, 11, 61, 63, 5, 8, 66, 20, 28, 49, 41, 50, 47, 58, 52, 39, 43, 29, 17, 34, 22, 44, 23, 32, 15, 59, 56, 13, 4, 3, 31, 68]","(6.0, 360.68299999999994)"
28,336,[  6.4       373.3803575],[0.48989795 4.74134432],[  6.    346.615],[  7.    379.034],"[54, 40, 37, 12, 18, 6, 21, 27, 30, 53, 44, 55, 57, 16, 9, 38, 48, 26, 36, 35, 25, 19, 46, 24, 51, 62, 2, 10, 64, 60, 65, 7, 67, 58, 1, 33, 45, 22, 61, 63, 5, 8, 66, 20, 28, 49, 41, 50, 47, 42, 52, 39, 43, 29, 17, 15, 11, 14, 23, 32, 34, 59, 56, 13, 4, 3, 31, 68]","(6.0, 346.615)"
29,320,[  6.295     370.7931375],[0.45604276 4.92529298],[  6.    346.615],[  7.   375.55],"[54, 40, 37, 12, 18, 6, 21, 27, 30, 53, 44, 55, 57, 16, 9, 38, 48, 26, 36, 35, 25, 19, 46, 24, 51, 62, 2, 10, 64, 60, 65, 7, 67, 58, 1, 33, 45, 22, 61, 63, 5, 8, 66, 20, 28, 49, 41, 50, 47, 42, 52, 39, 43, 29, 17, 15, 11, 14, 23, 32, 34, 59, 56, 13, 4, 3, 31, 68]","(6.0, 346.615)"
30,326,[  6.3325    367.6842875],[0.47110906 4.41811889],[  6.    346.615],[  7.    374.694],"[54, 40, 37, 12, 18, 6, 21, 27, 30, 53, 44, 55, 57, 16, 9, 38, 48, 26, 36, 35, 25, 19, 46, 24, 51, 62, 2, 10, 64, 60, 65, 7, 67, 58, 1, 33, 45, 22, 61, 63, 5, 8, 66, 20, 28, 49, 41, 50, 47, 42, 52, 39, 43, 29, 17, 15, 11, 14, 23, 32, 34, 59, 56, 13, 4, 3, 31, 68]","(6.0, 346.615)"
31,346,[  6.25    364.81437],[0.4330127  3.23665785],[  6.    346.615],[  7.    371.266],"[54, 40, 37, 12, 18, 6, 21, 27, 30, 53, 44, 55, 57, 16, 9, 38, 48, 26, 36, 35, 25, 19, 46, 24, 51, 62, 2, 10, 64, 60, 65, 7, 67, 58, 1, 33, 45, 22, 61, 63, 5, 8, 66, 20, 28, 49, 41, 50, 47, 42, 52, 39, 43, 29, 17, 15, 11, 14, 23, 32, 34, 59, 56, 13, 4, 3, 31, 68]","(6.0, 346.615)"
32,332,[  6.1025    362.7340525],[0.30330471 2.83119034],[  6.    346.615],[  7.    366.406],"[54, 40, 37, 12, 18, 6, 21, 27, 30, 53, 44, 55, 57, 16, 9, 38, 48, 26, 36, 35, 25, 19, 46, 24, 51, 62, 2, 10, 64, 60, 65, 7, 67, 58, 1, 33, 45, 22, 61, 63, 5, 8, 66, 20, 28, 49, 41, 50, 47, 42, 52, 39, 43, 29, 17, 15, 11, 14, 23, 32, 34, 59, 56, 13, 4, 3, 31, 68]","(6.0, 346.615)"
33,350,[  6.14      361.4588925],[0.34698703 3.34373824],[  6.    346.383],[  7.    363.868],"[54, 40, 37, 12, 18, 6, 21, 27, 30, 53, 44, 55, 57, 16, 9, 38, 48, 26, 36, 35, 25, 19, 46, 24, 51, 62, 2, 10, 64, 66, 65, 7, 67, 58, 1, 23, 45, 22, 61, 63, 5, 8, 60, 20, 28, 49, 41, 50, 47, 42, 52, 39, 43, 29, 17, 15, 11, 14, 33, 32, 34, 59, 56, 13, 4, 3, 31, 68]","(6.0, 346.38300000000004)"
34,334,[  6.1975    359.6569675],[0.39811274 4.00024502],[  6.    342.037],[  7.    363.418],"[54, 40, 37, 12, 18, 6, 21, 27, 30, 53, 44, 55, 57, 16, 9, 22, 48, 26, 36, 35, 25, 19, 46, 24, 51, 62, 2, 10, 64, 60, 65, 7, 67, 58, 1, 33, 45, 38, 61, 63, 5, 59, 17, 20, 28, 49, 41, 50, 47, 42, 52, 39, 43, 29, 66, 15, 11, 14, 23, 32, 34, 8, 56, 13, 4, 3, 31, 68]","(6.0, 346.06600000000003)"
35,346,[  6.2475  357.50366],[0.43155967 4.49207252],[  6.    342.037],[  7.   361.77],"[54, 40, 37, 12, 18, 6, 21, 27, 30, 53, 19, 55, 57, 16, 9, 14, 48, 26, 36, 35, 25, 44, 46, 24, 51, 62, 2, 10, 64, 60, 65, 7, 67, 58, 1, 33, 45, 11, 61, 63, 3, 59, 66, 20, 28, 49, 41, 50, 47, 42, 52, 39, 43, 29, 17, 34, 22, 38, 23, 32, 15, 8, 56, 13, 4, 5, 31, 68]","(6.0, 342.285)"
36,344,[  6.37      354.9501225],[0.48280431 4.74827931],[  6.    342.037],[  7.    359.991],"[54, 40, 37, 12, 18, 6, 21, 27, 30, 53, 19, 55, 57, 16, 9, 14, 48, 26, 36, 35, 25, 44, 46, 24, 51, 62, 2, 10, 64, 60, 65, 7, 67, 58, 1, 33, 45, 11, 61, 63, 3, 59, 66, 20, 28, 49, 41, 50, 47, 42, 52, 39, 43, 29, 17, 34, 22, 38, 23, 32, 15, 8, 56, 13, 4, 5, 31, 68]","(6.0, 342.285)"
37,336,[  6.305    351.747755],[0.46040743 4.47596531],[  6.    342.037],[  7.    357.864],"[54, 40, 37, 25, 18, 6, 21, 27, 30, 47, 44, 55, 57, 16, 31, 38, 48, 26, 36, 35, 12, 19, 46, 24, 51, 62, 2, 10, 64, 66, 65, 7, 67, 58, 1, 23, 45, 22, 61, 63, 5, 8, 60, 20, 28, 49, 41, 50, 53, 42, 52, 39, 43, 29, 17, 15, 11, 14, 33, 32, 34, 59, 56, 13, 4, 3, 9, 68]","(6.0, 342.12300000000005)"
38,352,[  6.235     348.8168725],[0.42399882 3.35156617],[  6.    342.037],[  7.    355.592],"[54, 40, 37, 25, 18, 6, 21, 27, 30, 47, 44, 55, 57, 16, 31, 38, 48, 26, 36, 35, 12, 19, 46, 24, 51, 62, 2, 10, 64, 66, 65, 7, 67, 58, 1, 23, 45, 22, 61, 63, 5, 8, 60, 20, 28, 49, 41, 50, 53, 42, 52, 39, 43, 29, 17, 15, 11, 14, 33, 32, 34, 59, 56, 13, 4, 3, 9, 68]","(6.0, 342.12300000000005)"
39,328,[  6.0975    346.4468025],[0.2966374 2.0899865],[  6.    334.852],[  7.   351.25],"[54, 40, 37, 31, 18, 6, 21, 38, 30, 53, 44, 55, 57, 16, 9, 27, 48, 26, 36, 35, 25, 19, 46, 24, 51, 62, 2, 10, 64, 15, 65, 7, 67, 58, 1, 33, 45, 22, 61, 63, 5, 8, 66, 20, 28, 49, 41, 50, 47, 42, 52, 39, 43, 29, 17, 60, 11, 14, 23, 32, 34, 59, 56, 13, 4, 3, 12, 68]","(6.0, 334.852)"
40,340,[  6.0775  345.24403],[0.26738315 1.80329185],[  6.    334.852],[  7.    347.008],"[54, 40, 37, 31, 18, 6, 21, 38, 30, 53, 44, 55, 57, 16, 9, 27, 48, 26, 36, 35, 25, 19, 46, 24, 51, 62, 2, 10, 64, 15, 65, 7, 67, 58, 1, 33, 45, 22, 61, 63, 5, 8, 66, 20, 28, 49, 41, 50, 47, 42, 52, 39, 43, 29, 17, 60, 11, 14, 23, 32, 34, 59, 56, 13, 4, 3, 12, 68]","(6.0, 334.852)"
41,354,[  6.115     344.1742525],[0.31902194 2.18833247],[  6.    325.577],[  7.    346.483],"[54, 40, 37, 12, 18, 33, 21, 27, 30, 31, 44, 55, 57, 16, 9, 22, 48, 26, 36, 35, 25, 19, 46, 24, 51, 53, 2, 10, 64, 60, 65, 7, 67, 58, 1, 6, 45, 38, 61, 63, 5, 8, 17, 20, 28, 49, 41, 50, 47, 42, 52, 39, 43, 59, 66, 15, 11, 14, 23, 32, 34, 29, 56, 13, 4, 3, 62, 68]","(6.0, 325.57699999999994)"
42,338,[  6.165    342.887155],[0.37118055 2.38718215],[  6.    325.577],[  7.    345.453],"[54, 40, 37, 12, 18, 33, 21, 27, 30, 31, 44, 55, 57, 16, 9, 22, 48, 26, 36, 35, 25, 19, 46, 24, 51, 53, 2, 10, 64, 60, 65, 7, 67, 58, 1, 6, 45, 38, 61, 63, 5, 8, 17, 20, 28, 49, 41, 50, 47, 42, 52, 39, 43, 59, 66, 15, 11, 14, 23, 32, 34, 29, 56, 13, 4, 3, 62, 68]","(6.0, 325.57699999999994)"
43,348,[  6.1425 341.5637],[0.34956223 2.73793254],[  6.    325.577],[  7.    343.797],"[54, 40, 37, 12, 18, 33, 21, 27, 30, 31, 44, 55, 57, 16, 9, 22, 48, 26, 36, 35, 25, 19, 46, 24, 51, 53, 2, 10, 64, 60, 65, 7, 67, 58, 1, 6, 45, 38, 61, 63, 5, 8, 17, 20, 28, 49, 41, 50, 47, 42, 52, 39, 43, 59, 66, 15, 11, 14, 23, 32, 34, 29, 56, 13, 4, 3, 62, 68]","(6.0, 325.57699999999994)"
44,344,[  6.0875    340.3852825],[0.28256636 3.44332298],[  6.    325.166],[  7.   342.37],"[54, 19, 37, 44, 50, 6, 21, 27, 34, 53, 28, 55, 57, 58, 9, 46, 48, 25, 36, 35, 42, 40, 38, 24, 45, 62, 2, 10, 64, 60, 65, 7, 67, 31, 1, 33, 29, 11, 61, 63, 56, 8, 66, 14, 12, 49, 41, 18, 47, 26, 52, 39, 43, 51, 17, 30, 22, 20, 23, 32, 15, 59, 5, 13, 4, 3, 16, 68]","(6.0, 325.16600000000005)"
45,330,[  6.1225    338.6609475],[0.32786239 4.12061734],[  6.    325.166],[  7.    342.178],"[54, 19, 37, 44, 50, 6, 21, 27, 34, 53, 28, 55, 57, 58, 9, 46, 48, 25, 36, 35, 42, 40, 38, 24, 45, 62, 2, 10, 64, 60, 65, 7, 67, 31, 1, 33, 29, 11, 61, 63, 56, 8, 66, 14, 12, 49, 41, 18, 47, 26, 52, 39, 43, 51, 17, 30, 22, 20, 23, 32, 15, 59, 5, 13, 4, 3, 16, 68]","(6.0, 325.16600000000005)"
46,336,[  6.0675   336.024265],[0.25088593 4.28459573],[  6.    320.663],[  7.    341.008],"[54, 40, 37, 12, 18, 33, 53, 27, 30, 31, 9, 55, 57, 16, 44, 22, 48, 26, 36, 35, 25, 19, 46, 24, 51, 21, 2, 10, 64, 60, 65, 7, 67, 58, 1, 6, 45, 38, 61, 63, 5, 8, 17, 20, 28, 49, 41, 50, 47, 42, 52, 39, 43, 59, 66, 15, 11, 14, 23, 32, 34, 29, 56, 13, 4, 3, 62, 68]","(6.0, 320.66299999999995)"
47,348,[  6.04    333.53943],[0.19595918 4.07921615],[  6.    320.663],[  7.    338.511],"[54, 40, 37, 12, 18, 33, 53, 27, 30, 31, 9, 55, 57, 16, 44, 22, 48, 26, 36, 35, 25, 19, 46, 24, 51, 21, 2, 10, 64, 60, 65, 7, 67, 58, 1, 6, 45, 38, 61, 63, 5, 8, 17, 20, 28, 49, 41, 50, 47, 42, 52, 39, 43, 59, 66, 15, 11, 14, 23, 32, 34, 29, 56, 13, 4, 3, 62, 68]","(6.0, 320.66299999999995)"
48,346,[  6.035     330.9827075],[0.18377976 3.61407731],[  6.    320.663],[  7.    335.134],"[54, 40, 37, 12, 18, 33, 53, 27, 30, 31, 9, 55, 57, 16, 44, 22, 48, 26, 36, 35, 25, 19, 46, 24, 51, 21, 2, 10, 64, 60, 65, 7, 67, 58, 1, 6, 45, 38, 61, 63, 5, 8, 17, 20, 28, 49, 41, 50, 47, 42, 52, 39, 43, 59, 66, 15, 11, 14, 23, 32, 34, 29, 56, 13, 4, 3, 62, 68]","(6.0, 320.66299999999995)"
49,340,[  6.055     328.4787225],[0.22798026 2.85616475],[  6.    320.476],[  7.    333.365],"[54, 40, 37, 12, 18, 33, 21, 27, 30, 31, 44, 55, 16, 8, 9, 22, 48, 26, 36, 46, 25, 19, 35, 24, 51, 53, 2, 10, 64, 60, 65, 7, 67, 58, 1, 6, 45, 38, 61, 63, 5, 57, 17, 20, 28, 42, 41, 50, 47, 49, 52, 39, 43, 59, 66, 15, 11, 14, 23, 32, 34, 29, 56, 13, 4, 3, 62, 68]","(6.0, 320.47599999999994)"
50,342,[  6.035   326.50758],[0.18377976 2.17019817],[  6.    320.476],[  7.    330.256],"[54, 40, 37, 12, 18, 33, 21, 27, 30, 31, 44, 55, 16, 8, 9, 22, 48, 26, 36, 46, 25, 19, 35, 24, 51, 53, 2, 10, 64, 60, 65, 7, 67, 58, 1, 6, 45, 38, 61, 63, 5, 57, 17, 20, 28, 42, 41, 50, 47, 49, 52, 39, 43, 59, 66, 15, 11, 14, 23, 32, 34, 29, 56, 13, 4, 3, 62, 68]","(6.0, 320.47599999999994)"
51,344,[  6.        325.1013175],[0.         1.75627016],[  6.    320.365],[  6.    327.079],"[54, 40, 37, 12, 18, 33, 21, 27, 30, 31, 48, 55, 16, 8, 9, 22, 44, 26, 36, 46, 25, 19, 35, 24, 51, 53, 2, 10, 64, 60, 65, 7, 67, 58, 1, 6, 45, 38, 61, 63, 5, 57, 17, 20, 28, 49, 41, 50, 47, 42, 52, 39, 43, 59, 66, 13, 11, 14, 23, 32, 34, 29, 56, 15, 4, 3, 62, 68]","(6.0, 320.365)"
52,340,[  6.        323.9976275],[0.         1.70083388],[  6.    318.882],[  6.    325.743],"[54, 40, 37, 12, 18, 33, 21, 27, 30, 31, 44, 55, 57, 16, 9, 22, 48, 26, 36, 35, 25, 19, 46, 24, 43, 53, 2, 10, 64, 60, 65, 5, 67, 58, 1, 6, 45, 38, 61, 63, 7, 8, 17, 20, 28, 49, 41, 50, 47, 42, 52, 39, 51, 59, 66, 15, 11, 14, 23, 32, 34, 29, 56, 13, 4, 3, 62, 68]","(6.0, 318.882)"
53,340,[  6.       322.908295],[0.         1.60391202],[  6.    317.923],[  6.    325.117],"[54, 40, 37, 12, 18, 33, 53, 27, 30, 31, 9, 55, 57, 16, 44, 22, 48, 26, 36, 35, 25, 19, 46, 24, 51, 21, 2, 10, 64, 60, 65, 7, 67, 58, 1, 6, 45, 38, 61, 63, 68, 8, 17, 20, 28, 49, 41, 50, 47, 42, 52, 39, 43, 59, 66, 15, 11, 14, 23, 32, 34, 29, 56, 13, 4, 3, 62, 5]","(6.0, 317.923)"
54,330,[  6.      321.96205],[0.         1.33157259],[  6.    317.923],[  6.    324.001],"[54, 40, 37, 12, 18, 33, 53, 27, 30, 31, 9, 55, 57, 16, 44, 22, 48, 26, 36, 35, 25, 19, 46, 24, 51, 21, 2, 10, 64, 60, 65, 7, 67, 58, 1, 6, 45, 38, 61, 63, 68, 8, 17, 20, 28, 49, 41, 50, 47, 42, 52, 39, 43, 59, 66, 15, 11, 14, 23, 32, 34, 29, 56, 13, 4, 3, 62, 5]","(6.0, 317.923)"
55,346,[  6.       321.113385],[0.         0.72749128],[  6.    317.224],[  6.    322.953],"[54, 40, 37, 12, 18, 6, 19, 27, 1, 53, 44, 55, 4, 16, 64, 38, 48, 49, 36, 35, 25, 21, 51, 24, 46, 62, 2, 10, 9, 60, 65, 7, 67, 58, 30, 33, 45, 31, 61, 63, 57, 8, 66, 17, 32, 26, 41, 50, 47, 20, 52, 39, 43, 14, 42, 34, 22, 29, 23, 28, 15, 59, 56, 13, 5, 3, 11, 68]","(6.0, 317.22400000000005)"
56,336,[  6.      320.66416],[0.         0.58830994],[  6.    317.224],[  6.    321.416],"[54, 40, 37, 12, 18, 6, 19, 27, 1, 53, 44, 55, 4, 16, 64, 38, 48, 49, 36, 35, 25, 21, 51, 24, 46, 62, 2, 10, 9, 60, 65, 7, 67, 58, 30, 33, 45, 31, 61, 63, 57, 8, 66, 17, 32, 26, 41, 50, 47, 20, 52, 39, 43, 14, 42, 34, 22, 29, 23, 28, 15, 59, 56, 13, 5, 3, 11, 68]","(6.0, 317.22400000000005)"
57,340,[  6.        320.4084925],[0.         0.67072908],[  6.    316.416],[  6.   320.93],"[54, 40, 37, 12, 18, 6, 34, 27, 1, 53, 44, 55, 4, 16, 64, 38, 48, 49, 36, 35, 25, 21, 51, 24, 46, 62, 2, 10, 9, 60, 65, 7, 67, 58, 30, 33, 45, 31, 61, 63, 57, 8, 66, 17, 32, 26, 41, 50, 47, 20, 52, 39, 43, 14, 42, 19, 22, 29, 23, 28, 15, 59, 56, 13, 5, 3, 11, 68]","(6.0, 316.41600000000005)"
58,330,[  6.        320.1577575],[0.         0.81042236],[  6.    316.416],[  6.    320.663],"[54, 40, 37, 12, 18, 6, 34, 27, 1, 53, 44, 55, 4, 16, 64, 38, 48, 49, 36, 35, 25, 21, 51, 24, 46, 62, 2, 10, 9, 60, 65, 7, 67, 58, 30, 33, 45, 31, 61, 63, 57, 8, 66, 17, 32, 26, 41, 50, 47, 20, 52, 39, 43, 14, 42, 19, 22, 29, 23, 28, 15, 59, 56, 13, 5, 3, 11, 68]","(6.0, 316.41600000000005)"
59,330,[  6.       319.811845],[0.         0.92712319],[  6.    316.416],[  6.    320.663],"[54, 40, 37, 12, 18, 6, 34, 27, 1, 53, 44, 55, 4, 16, 64, 38, 48, 49, 36, 35, 25, 21, 51, 24, 46, 62, 2, 10, 9, 60, 65, 7, 67, 58, 30, 33, 45, 31, 61, 63, 57, 8, 66, 17, 32, 26, 41, 50, 47, 20, 52, 39, 43, 14, 42, 19, 22, 29, 23, 28, 15, 59, 56, 13, 5, 3, 11, 68]","(6.0, 316.41600000000005)"
60,356,[  6.       319.404995],[0.         0.98127794],[  6.    316.189],[  6.    320.462],"[54, 40, 37, 12, 38, 33, 21, 27, 30, 31, 42, 55, 57, 3, 9, 22, 48, 26, 36, 35, 25, 19, 46, 24, 51, 45, 2, 10, 64, 60, 65, 7, 67, 58, 1, 6, 53, 18, 61, 63, 66, 59, 17, 20, 28, 49, 41, 50, 47, 44, 29, 39, 43, 8, 5, 15, 11, 14, 23, 32, 34, 52, 56, 13, 4, 16, 62, 68]","(6.0, 316.18899999999996)"
61,342,[  6.        318.8447275],[0.         0.92272038],[  6.    315.677],[  6.    320.102],"[54, 40, 37, 12, 18, 32, 53, 27, 25, 31, 9, 55, 57, 16, 48, 22, 44, 49, 38, 41, 30, 19, 46, 24, 51, 45, 2, 10, 66, 3, 65, 7, 67, 58, 1, 6, 33, 36, 61, 63, 11, 62, 17, 20, 28, 26, 35, 50, 47, 42, 52, 39, 43, 59, 64, 15, 5, 56, 23, 21, 34, 29, 14, 13, 4, 60, 8, 68]","(6.0, 315.677)"
62,338,[  6.        318.2360775],[0.         0.77181409],[  6.    315.191],[  6.    319.477],"[54, 40, 37, 12, 18, 33, 53, 27, 30, 41, 9, 55, 4, 16, 44, 22, 48, 26, 36, 35, 25, 19, 46, 24, 51, 21, 2, 10, 64, 60, 65, 7, 67, 58, 1, 6, 45, 38, 61, 63, 68, 8, 17, 20, 28, 49, 31, 50, 47, 42, 52, 39, 43, 59, 66, 15, 11, 14, 23, 32, 34, 29, 56, 13, 57, 3, 62, 5]","(6.0, 315.191)"
63,344,[  6.        317.7787525],[0.         0.66032825],[  6.    315.191],[  6.    318.538],"[54, 40, 37, 12, 18, 33, 53, 27, 30, 41, 9, 55, 4, 16, 44, 22, 48, 26, 36, 35, 25, 19, 46, 24, 51, 21, 2, 10, 64, 60, 65, 7, 67, 58, 1, 6, 45, 38, 61, 63, 68, 8, 17, 20, 28, 49, 31, 50, 47, 42, 52, 39, 43, 59, 66, 15, 11, 14, 23, 32, 34, 29, 56, 13, 57, 3, 62, 5]","(6.0, 315.191)"
64,322,[  6.        317.4429875],[0.         0.59005558],[  6.    315.191],[  6.    318.176],"[54, 40, 37, 12, 18, 33, 53, 27, 30, 41, 9, 55, 4, 16, 44, 22, 48, 26, 36, 35, 25, 19, 46, 24, 51, 21, 2, 10, 64, 60, 65, 7, 67, 58, 1, 6, 45, 38, 61, 63, 68, 8, 17, 20, 28, 49, 31, 50, 47, 42, 52, 39, 43, 59, 66, 15, 11, 14, 23, 32, 34, 29, 56, 13, 57, 3, 62, 5]","(6.0, 315.191)"
65,340,[  6.      317.14318],[0.         0.61237043],[  6.    314.323],[  6.    317.921],"[54, 40, 37, 12, 18, 6, 34, 27, 1, 53, 44, 55, 4, 16, 64, 50, 48, 49, 36, 35, 25, 21, 51, 24, 46, 62, 2, 10, 9, 60, 65, 7, 67, 58, 30, 33, 45, 31, 61, 63, 57, 8, 66, 3, 32, 26, 41, 38, 47, 20, 52, 39, 43, 14, 42, 19, 22, 29, 23, 28, 15, 59, 56, 13, 5, 17, 11, 68]","(6.0, 314.323)"
66,322,[  6.     316.7959],[0.         0.61058682],[  6.    312.997],[  6.    317.407],"[54, 40, 37, 12, 18, 33, 21, 27, 30, 31, 44, 55, 57, 3, 66, 22, 48, 26, 36, 35, 25, 19, 46, 24, 51, 45, 2, 10, 7, 60, 65, 64, 56, 58, 1, 6, 53, 38, 61, 63, 5, 8, 17, 20, 28, 49, 41, 50, 47, 42, 29, 39, 43, 59, 9, 15, 11, 14, 23, 32, 34, 52, 67, 13, 4, 16, 62, 68]","(6.0, 312.997)"
67,316,[  6.        316.4648875],[0.         0.69738096],[  6.    310.856],[  6.    317.171],"[54, 40, 37, 12, 18, 6, 19, 27, 1, 53, 44, 55, 4, 16, 64, 38, 48, 49, 36, 35, 25, 21, 51, 24, 46, 62, 2, 10, 9, 60, 65, 57, 67, 58, 30, 33, 45, 31, 61, 63, 7, 8, 66, 17, 32, 26, 41, 50, 47, 20, 52, 39, 43, 14, 42, 34, 22, 29, 23, 28, 5, 59, 56, 13, 15, 3, 11, 68]","(6.0, 310.856)"
68,340,[  6.        316.2091575],[0.         0.73571005],[  6.    310.856],[  6.    316.821],"[54, 40, 37, 12, 18, 6, 19, 27, 1, 53, 44, 55, 4, 16, 64, 38, 48, 49, 36, 35, 25, 21, 51, 24, 46, 62, 2, 10, 9, 60, 65, 57, 67, 58, 30, 33, 45, 31, 61, 63, 7, 8, 66, 17, 32, 26, 41, 50, 47, 20, 52, 39, 43, 14, 42, 34, 22, 29, 23, 28, 5, 59, 56, 13, 15, 3, 11, 68]","(6.0, 310.856)"
69,336,[  6.      315.86978],[0.       0.836072],[  6.    310.856],[  6.    316.642],"[54, 40, 37, 12, 18, 6, 19, 27, 1, 53, 44, 55, 4, 16, 64, 38, 48, 49, 36, 35, 25, 21, 51, 24, 46, 62, 2, 10, 9, 60, 65, 57, 67, 58, 30, 33, 45, 31, 61, 63, 7, 8, 66, 17, 32, 26, 41, 50, 47, 20, 52, 39, 43, 14, 42, 34, 22, 29, 23, 28, 5, 59, 56, 13, 15, 3, 11, 68]","(6.0, 310.856)"
70,342,[  6.      315.47831],[0.         0.95988373],[  6.    310.856],[  6.    316.407],"[54, 40, 37, 12, 18, 6, 19, 27, 1, 53, 44, 55, 4, 16, 64, 38, 48, 49, 36, 35, 25, 21, 51, 24, 46, 62, 2, 10, 9, 60, 65, 57, 67, 58, 30, 33, 45, 31, 61, 63, 7, 8, 66, 17, 32, 26, 41, 50, 47, 20, 52, 39, 43, 14, 42, 34, 22, 29, 23, 28, 5, 59, 56, 13, 15, 3, 11, 68]","(6.0, 310.856)"
71,354,[  6.       315.016765],[0.         1.03704838],[  6.    310.811],[  6.    316.189],"[54, 40, 37, 5, 18, 16, 53, 27, 25, 31, 9, 55, 57, 32, 48, 22, 44, 49, 38, 41, 30, 19, 46, 24, 39, 45, 2, 10, 66, 3, 65, 7, 67, 58, 1, 6, 33, 36, 61, 63, 11, 62, 17, 20, 28, 26, 35, 50, 47, 42, 52, 51, 43, 59, 64, 15, 12, 56, 23, 21, 34, 29, 14, 13, 4, 60, 8, 68]","(6.0, 310.811)"
72,348,[  6.      314.49146],[0.         1.02088452],[  6.    310.811],[  6.    315.677],"[54, 40, 37, 5, 18, 16, 53, 27, 25, 31, 9, 55, 57, 32, 48, 22, 44, 49, 38, 41, 30, 19, 46, 24, 39, 45, 2, 10, 66, 3, 65, 7, 67, 58, 1, 6, 33, 36, 61, 63, 11, 62, 17, 20, 28, 26, 35, 50, 47, 42, 52, 51, 43, 59, 64, 15, 12, 56, 23, 21, 34, 29, 14, 13, 4, 60, 8, 68]","(6.0, 310.811)"
73,336,[  6.      313.92183],[0.         1.12126403],[  6.    308.681],[  6.    315.131],"[54, 40, 37, 12, 18, 6, 34, 27, 1, 53, 44, 55, 4, 16, 64, 50, 48, 49, 36, 35, 25, 21, 51, 24, 46, 62, 2, 10, 9, 60, 65, 57, 67, 58, 30, 33, 45, 31, 61, 63, 7, 8, 66, 3, 32, 26, 41, 38, 47, 20, 52, 39, 43, 14, 42, 19, 22, 29, 23, 28, 15, 59, 56, 13, 5, 17, 11, 68]","(6.0, 308.681)"
74,352,[  6.        313.3206875],[0.        1.1067059],[  6.    308.681],[  6.    314.806],"[54, 40, 37, 12, 18, 6, 34, 27, 1, 53, 44, 55, 4, 16, 64, 50, 48, 49, 36, 35, 25, 21, 51, 24, 46, 62, 2, 10, 9, 60, 65, 57, 67, 58, 30, 33, 45, 31, 61, 63, 7, 8, 66, 3, 32, 26, 41, 38, 47, 20, 52, 39, 43, 14, 42, 19, 22, 29, 23, 28, 15, 59, 56, 13, 5, 17, 11, 68]","(6.0, 308.681)"
75,340,[  6.      312.71635],[0.         0.91937579],[  6.    308.681],[  6.    314.123],"[54, 40, 37, 12, 18, 6, 34, 27, 1, 53, 44, 55, 4, 16, 64, 50, 48, 49, 36, 35, 25, 21, 51, 24, 46, 62, 2, 10, 9, 60, 65, 57, 67, 58, 30, 33, 45, 31, 61, 63, 7, 8, 66, 3, 32, 26, 41, 38, 47, 20, 52, 39, 43, 14, 42, 19, 22, 29, 23, 28, 15, 59, 56, 13, 5, 17, 11, 68]","(6.0, 308.681)"
76,326,[  6.       312.247355],[0.         0.87564383],[  6.    308.681],[  6.    312.997],"[54, 40, 37, 12, 18, 6, 34, 27, 1, 53, 44, 55, 4, 16, 64, 50, 48, 49, 36, 35, 25, 21, 51, 24, 46, 62, 2, 10, 9, 60, 65, 57, 67, 58, 30, 33, 45, 31, 61, 63, 7, 8, 66, 3, 32, 26, 41, 38, 47, 20, 52, 39, 43, 14, 42, 19, 22, 29, 23, 28, 15, 59, 56, 13, 5, 17, 11, 68]","(6.0, 308.681)"
77,330,[  6.        311.7806575],[0.         0.88880653],[  6.    308.516],[  6.    312.997],"[54, 23, 37, 12, 18, 31, 34, 27, 1, 53, 44, 55, 4, 16, 64, 50, 48, 49, 36, 35, 25, 21, 51, 24, 46, 62, 2, 10, 9, 60, 65, 57, 67, 58, 30, 33, 45, 6, 61, 63, 7, 8, 66, 3, 32, 26, 41, 38, 47, 20, 52, 39, 43, 14, 42, 19, 22, 29, 40, 28, 15, 59, 56, 13, 5, 17, 11, 68]","(6.0, 308.516)"
78,350,[  6.        311.3060625],[0.         0.82433229],[  6.    308.079],[  6.    312.456],"[54, 40, 37, 12, 18, 6, 34, 27, 1, 53, 44, 55, 4, 16, 64, 50, 48, 49, 36, 35, 25, 21, 51, 46, 24, 62, 2, 10, 9, 60, 65, 57, 67, 58, 30, 33, 45, 31, 61, 63, 7, 8, 66, 3, 32, 26, 41, 38, 47, 20, 52, 39, 43, 14, 42, 19, 22, 29, 23, 28, 15, 59, 56, 13, 5, 17, 11, 68]","(6.0, 308.079)"
79,320,[  6.        310.8411875],[0.         0.77483809],[  6.    306.822],[  6.    311.711],"[54, 23, 37, 28, 18, 31, 34, 27, 1, 53, 44, 55, 4, 16, 64, 50, 48, 49, 36, 35, 25, 21, 51, 24, 46, 62, 2, 10, 9, 60, 65, 57, 67, 58, 30, 33, 45, 6, 61, 63, 7, 8, 66, 3, 32, 26, 41, 38, 47, 20, 52, 39, 43, 14, 42, 19, 22, 29, 40, 12, 15, 59, 56, 13, 5, 17, 11, 68]","(6.0, 306.822)"
80,346,[  6.        310.5058475],[0.         0.79152118],[  6.    306.822],[  6.    311.354],"[54, 23, 37, 28, 18, 31, 34, 27, 1, 53, 44, 55, 4, 16, 64, 50, 48, 49, 36, 35, 25, 21, 51, 24, 46, 62, 2, 10, 9, 60, 65, 57, 67, 58, 30, 33, 45, 6, 61, 63, 7, 8, 66, 3, 32, 26, 41, 38, 47, 20, 52, 39, 43, 14, 42, 19, 22, 29, 40, 12, 15, 59, 56, 13, 5, 17, 11, 68]","(6.0, 306.822)"
81,332,[  6.        310.1282075],[0.         0.87397641],[  6.    306.822],[  6.    310.856],"[54, 23, 37, 28, 18, 31, 34, 27, 1, 53, 44, 55, 4, 16, 64, 50, 48, 49, 36, 35, 25, 21, 51, 24, 46, 62, 2, 10, 9, 60, 65, 57, 67, 58, 30, 33, 45, 6, 61, 63, 7, 8, 66, 3, 32, 26, 41, 38, 47, 20, 52, 39, 43, 14, 42, 19, 22, 29, 40, 12, 15, 59, 56, 13, 5, 17, 11, 68]","(6.0, 306.822)"
82,344,[  6.        309.7248725],[0.        0.9241048],[  6.    306.822],[  6.    310.705],"[54, 23, 37, 28, 18, 31, 34, 27, 1, 53, 44, 55, 4, 16, 64, 50, 48, 49, 36, 35, 25, 21, 51, 24, 46, 62, 2, 10, 9, 60, 65, 57, 67, 58, 30, 33, 45, 6, 61, 63, 7, 8, 66, 3, 32, 26, 41, 38, 47, 20, 52, 39, 43, 14, 42, 19, 22, 29, 40, 12, 15, 59, 56, 13, 5, 17, 11, 68]","(6.0, 306.822)"
83,338,[  6.        309.2811625],[0.         0.82792599],[  6.    306.822],[  6.   310.46],"[54, 23, 37, 28, 18, 31, 34, 27, 1, 53, 44, 55, 4, 16, 64, 50, 48, 49, 36, 35, 25, 21, 51, 24, 46, 62, 2, 10, 9, 60, 65, 57, 67, 58, 30, 33, 45, 6, 61, 63, 7, 8, 66, 3, 32, 26, 41, 38, 47, 20, 52, 39, 43, 14, 42, 19, 22, 29, 40, 12, 15, 59, 56, 13, 5, 17, 11, 68]","(6.0, 306.822)"
84,338,[  6.        308.8177625],[0.         0.60588076],[  6.    306.822],[  6.    309.885],"[54, 23, 37, 28, 18, 31, 34, 27, 1, 53, 44, 55, 4, 16, 64, 50, 48, 49, 36, 35, 25, 21, 51, 24, 46, 62, 2, 10, 9, 60, 65, 57, 67, 58, 30, 33, 45, 6, 61, 63, 7, 8, 66, 3, 32, 26, 41, 38, 47, 20, 52, 39, 43, 14, 42, 19, 22, 29, 40, 12, 15, 59, 56, 13, 5, 17, 11, 68]","(6.0, 306.822)"
85,328,[  6.    308.438],[0.         0.43293275],[  6.    306.822],[  6.    308.771],"[54, 23, 37, 28, 18, 31, 34, 27, 1, 53, 44, 55, 4, 16, 64, 50, 48, 49, 36, 35, 25, 21, 51, 24, 46, 62, 2, 10, 9, 60, 65, 57, 67, 58, 30, 33, 45, 6, 61, 63, 7, 8, 66, 3, 32, 26, 41, 38, 47, 20, 52, 39, 43, 14, 42, 19, 22, 29, 40, 12, 15, 59, 56, 13, 5, 17, 11, 68]","(6.0, 306.822)"
86,330,[  6.        308.2353875],[0.       0.563881],[  6.    304.522],[  6.    308.681],"[54, 40, 37, 12, 18, 27, 34, 6, 1, 53, 44, 55, 4, 16, 64, 50, 48, 49, 36, 35, 25, 21, 51, 46, 24, 62, 2, 10, 9, 60, 65, 57, 67, 58, 30, 33, 45, 31, 61, 63, 7, 8, 66, 3, 32, 26, 41, 38, 47, 20, 52, 39, 43, 14, 42, 19, 22, 29, 23, 28, 59, 15, 56, 13, 5, 17, 11, 68]","(6.0, 304.522)"
87,342,[  6.       307.961675],[0.         0.59648943],[  6.    304.522],[  6.    308.681],"[54, 40, 37, 12, 18, 27, 34, 6, 1, 53, 44, 55, 4, 16, 64, 50, 48, 49, 36, 35, 25, 21, 51, 46, 24, 62, 2, 10, 9, 60, 65, 57, 67, 58, 30, 33, 45, 31, 61, 63, 7, 8, 66, 3, 32, 26, 41, 38, 47, 20, 52, 39, 43, 14, 42, 19, 22, 29, 23, 28, 59, 15, 56, 13, 5, 17, 11, 68]","(6.0, 304.522)"
88,360,[  6.      307.66104],[0.         0.61180632],[  6.    304.522],[  6.    308.382],"[54, 40, 37, 12, 18, 27, 34, 6, 1, 53, 44, 55, 4, 16, 64, 50, 48, 49, 36, 35, 25, 21, 51, 46, 24, 62, 2, 10, 9, 60, 65, 57, 67, 58, 30, 33, 45, 31, 61, 63, 7, 8, 66, 3, 32, 26, 41, 38, 47, 20, 52, 39, 43, 14, 42, 19, 22, 29, 23, 28, 59, 15, 56, 13, 5, 17, 11, 68]","(6.0, 304.522)"
89,324,[  6.        307.3082975],[0.         0.58539931],[  6.    304.522],[  6.    308.079],"[54, 40, 37, 12, 18, 27, 34, 6, 1, 53, 44, 55, 4, 16, 64, 50, 48, 49, 36, 35, 25, 21, 51, 46, 24, 62, 2, 10, 9, 60, 65, 57, 67, 58, 30, 33, 45, 31, 61, 63, 7, 8, 66, 3, 32, 26, 41, 38, 47, 20, 52, 39, 43, 14, 42, 19, 22, 29, 23, 28, 59, 15, 56, 13, 5, 17, 11, 68]","(6.0, 304.522)"
90,334,[  6.       307.011115],[0.         0.58277329],[  6.    304.522],[  6.    307.617],"[54, 40, 37, 12, 18, 27, 34, 6, 1, 53, 44, 55, 4, 16, 64, 50, 48, 49, 36, 35, 25, 21, 51, 46, 24, 62, 2, 10, 9, 60, 65, 57, 67, 58, 30, 33, 45, 31, 61, 63, 7, 8, 66, 3, 32, 26, 41, 38, 47, 20, 52, 39, 43, 14, 42, 19, 22, 29, 23, 28, 59, 15, 56, 13, 5, 17, 11, 68]","(6.0, 304.522)"
91,348,[  6.      306.72583],[0.         0.63686052],[  6.    304.522],[  6.    307.388],"[54, 40, 37, 12, 18, 27, 34, 6, 1, 53, 44, 55, 4, 16, 64, 50, 48, 49, 36, 35, 25, 21, 51, 46, 24, 62, 2, 10, 9, 60, 65, 57, 67, 58, 30, 33, 45, 31, 61, 63, 7, 8, 66, 3, 32, 26, 41, 38, 47, 20, 52, 39, 43, 14, 42, 19, 22, 29, 23, 28, 59, 15, 56, 13, 5, 17, 11, 68]","(6.0, 304.522)"
92,362,[  6.       306.446625],[0.         0.69026579],[  6.    303.968],[  6.    307.111],"[54, 40, 31, 12, 3, 33, 37, 27, 23, 30, 9, 55, 4, 16, 44, 22, 48, 49, 36, 38, 25, 26, 46, 24, 51, 21, 2, 10, 64, 60, 65, 7, 67, 58, 1, 6, 53, 41, 61, 63, 68, 8, 17, 20, 28, 35, 19, 50, 42, 47, 52, 43, 45, 59, 66, 15, 11, 14, 39, 32, 34, 29, 56, 13, 5, 18, 62, 57]","(6.0, 303.96799999999996)"
93,330,[  6.        306.0521325],[0.         0.78487355],[  6.    303.968],[  6.    306.822],"[54, 40, 31, 12, 3, 33, 37, 27, 23, 30, 9, 55, 4, 16, 44, 22, 48, 49, 36, 38, 25, 26, 46, 24, 51, 21, 2, 10, 64, 60, 65, 7, 67, 58, 1, 6, 53, 41, 61, 63, 68, 8, 17, 20, 28, 35, 19, 50, 42, 47, 52, 43, 45, 59, 66, 15, 11, 14, 39, 32, 34, 29, 56, 13, 5, 18, 62, 57]","(6.0, 303.96799999999996)"
94,330,[  6.        305.5724025],[0.         0.99923004],[  6.    292.026],[  6.    306.535],"[54, 23, 37, 28, 30, 31, 34, 21, 53, 1, 44, 55, 4, 16, 64, 50, 48, 49, 43, 35, 25, 27, 51, 24, 46, 62, 2, 10, 9, 60, 65, 67, 57, 58, 18, 33, 45, 6, 61, 63, 7, 8, 66, 3, 39, 26, 41, 38, 47, 20, 52, 32, 36, 14, 42, 19, 22, 29, 40, 12, 15, 59, 56, 13, 5, 17, 11, 68]","(6.0, 292.02599999999995)"
95,328,[  6.        305.0607775],[0.         1.26210751],[  6.    292.026],[  6.   306.03],"[54, 23, 37, 28, 30, 31, 34, 21, 53, 1, 44, 55, 4, 16, 64, 50, 48, 49, 43, 35, 25, 27, 51, 24, 46, 62, 2, 10, 9, 60, 65, 67, 57, 58, 18, 33, 45, 6, 61, 63, 7, 8, 66, 3, 39, 26, 41, 38, 47, 20, 52, 32, 36, 14, 42, 19, 22, 29, 40, 12, 15, 59, 56, 13, 5, 17, 11, 68]","(6.0, 292.02599999999995)"
96,346,[  6.       304.702235],[0.         1.51920045],[  6.    292.026],[  6.    305.587],"[54, 23, 37, 28, 30, 31, 34, 21, 53, 1, 44, 55, 4, 16, 64, 50, 48, 49, 43, 35, 25, 27, 51, 24, 46, 62, 2, 10, 9, 60, 65, 67, 57, 58, 18, 33, 45, 6, 61, 63, 7, 8, 66, 3, 39, 26, 41, 38, 47, 20, 52, 32, 36, 14, 42, 19, 22, 29, 40, 12, 15, 59, 56, 13, 5, 17, 11, 68]","(6.0, 292.02599999999995)"
97,354,[  6.0025   304.297965],[0.04993746 1.79633983],[  6.    292.026],[  7.    305.345],"[54, 23, 37, 28, 30, 31, 34, 21, 53, 1, 44, 55, 4, 16, 64, 50, 48, 49, 43, 35, 25, 27, 51, 24, 46, 62, 2, 10, 9, 60, 65, 67, 57, 58, 18, 33, 45, 6, 61, 63, 7, 8, 66, 3, 39, 26, 41, 38, 47, 20, 52, 32, 36, 14, 42, 19, 22, 29, 40, 12, 15, 59, 56, 13, 5, 17, 11, 68]","(6.0, 292.02599999999995)"
98,350,[  6.005     303.8190675],[0.07053368 2.41923092],[  6.    292.026],[  7.   304.68],"[54, 23, 37, 28, 30, 31, 34, 21, 53, 1, 44, 55, 4, 16, 64, 50, 48, 49, 43, 35, 25, 27, 51, 24, 46, 62, 2, 10, 9, 60, 65, 67, 57, 58, 18, 33, 45, 6, 61, 63, 7, 8, 66, 3, 39, 26, 41, 38, 47, 20, 52, 32, 36, 14, 42, 19, 22, 29, 40, 12, 15, 59, 56, 13, 5, 17, 11, 68]","(6.0, 292.02599999999995)"
99,338,[  6.0075  303.21837],[0.08627717 3.16203579],[  6.    291.174],[  7.    304.522],"[54, 23, 37, 28, 30, 31, 34, 21, 53, 1, 44, 55, 4, 16, 64, 50, 48, 49, 43, 35, 25, 27, 51, 24, 46, 62, 2, 10, 9, 60, 65, 67, 57, 17, 18, 33, 45, 6, 61, 63, 7, 8, 66, 3, 39, 26, 41, 38, 47, 20, 52, 32, 36, 14, 42, 19, 22, 29, 40, 12, 15, 59, 56, 13, 5, 58, 11, 68]","(6.0, 291.174)"
100,344,[  6.0175  302.17188],[0.13112494 4.05229566],[  6.    291.174],[  7.    304.494],"[54, 23, 37, 28, 30, 31, 34, 21, 53, 1, 44, 55, 4, 16, 64, 50, 48, 49, 43, 35, 25, 27, 51, 24, 46, 62, 2, 10, 9, 60, 65, 67, 57, 17, 18, 33, 45, 6, 61, 63, 7, 8, 66, 3, 39, 26, 41, 38, 47, 20, 52, 32, 36, 14, 42, 19, 22, 29, 40, 12, 15, 59, 56, 13, 5, 58, 11, 68]","(6.0, 291.174)"
